Asset,Regime,Mean (%),Volatility (%),Skewness,Kurtosis,VaR 99%,CVaR 99%,Min Return,Max Return
GLD,CALM,0.046279031856441395,1.0112211310701034,-0.6938810213893681,7.218334713392759,-0.027098250767115622,-0.040245570117379725,-0.10274245274560045,0.06358720612372104
GLD,CRISIS,0.05035546784670836,1.3133493464864963,-0.03404208870052873,5.881162683990231,-0.03625720684897824,-0.048324630499866995,-0.0878082643808128,0.11290530102327678
HYG,CALM,0.04106971536263024,0.3516403627906869,0.2282902965921856,4.3256016393068615,-0.009035413091451849,-0.011790215836280735,-0.024507407469324338,0.021863336182213144
HYG,CRISIS,-0.0039653558705790145,0.973870521046496,0.6791360646017313,23.871419426238454,-0.029478017380134777,-0.04481478559553072,-0.08097438251165057,0.12268859798580611
